Autor;Polo;Titulo;Sub†rea;;Consolidado ou proposta do autor;Interativo ou Manipulativo;Tipo do jogo;Natureza;Material didatico;Tipologia;Tipologia expecifica;Publico alvo;Publico Alvo;Link;
RONIELLY SANTANA COELHO;8;TEORIA DOS TR“S MOMENTOS PEDAG‡GICOS NO ENSINO DE REFRAÄ«O DA LUZ COM APLICATIVO PARA SMARTPHONE;‡ptica;Refraá∆o da Luz;Proposta do auto;Manipulativo;Aplicativo digital;computacional;Produtos pedag¢gicos ;Aplicativoo de celular;"O Quantum F°sica Ç um dispositivo de armazenamento de recursos †udios-
visuais que proporcionam ao estudante aprendizado dos fenìmenos f°sicos

atravÇs da juná∆o entre o abstrato e o concreto. Visto que a teoria pode ser
conectada com as situaá‰es reais atravÇs de v°deos, imagens e gifs de modo
mais simples e dinÉmico fazendo uso do aplicativo.";Ensino MÇdio;N;https://drive.google.com/file/d/1ksQY4ikfdOGzclrB-bh_z3c652HoReeX/view?usp=sharing;
FERNANDO DA SILVA;;INFLUIFMA;Feramenta geral de ensino;;Proposta do auto;Manipulativo;Aplicativo digital para inclus∆o de alunos deficientes;computacional;Produtos pedag¢gicos ;aplicativo para celular;Aplicativo para ajudar pesseoas com deficiencia ;ensino mÇdio;sim;https://drive.google.com/file/d/1W42vjplrpsmLVJUBo3ud9R6XXtPJYjUY/view?usp=sharing;
Joao Neves Passos de Castro;7;Definiá∆o e Caracter°sticas;Atronomia;UNIVERSO;Proposta do auto;Manipulativo;Jogo da Memoria;Teorico;Material intrucional;Jogo ;jogo de memoria para acimilar parte teorica com imagens doconteudo;Ensino MÇdio;N;https://drive.google.com/file/d/1Y7he4n7GTAXcTLeAaegCxJa9UwE4zXIH/view?usp=sharing;
CLERISSON RAMOM SANTANA DA SILVA;8; ENSINANDO ANµLISE DIMENSIONAL ATRAVêS DE UM JOGO DE CARTAS;Eletromagnetismo;;Proposta do auto;Interativo;Jogo de carta;Teorico;Material intrucional;Jogo ;A presente proposta foi desenvolvida, tendo como p£blico alvo, os alunos da disciplina de F°sica do 2¯ ano do Ensino MÇdio. Foram utilizados os conceitos de an†lise dimensional para que pudesse haver uma aprendizagem significativa, com exposiá∆o de conte£do anterior a aplicaá∆o do jogo de cartas, como tambÇm depoimentos e observaá∆o do desenvolvimento da turma pelo professor.;Ensino MÇdio;N;https://drive.google.com/file/d/1jMhNwYZm3NzlGFbFuwgfjizqnIZmFzSg/view?usp=sharing;
;13;jogo  uno;Feramenta geral de ensino;;Proposta do auto;Interativo;jogo cartas uno;Teorico;Material intrucional;jogo ;"jogo em quest∆o Ç baseado na jogabilidade do UNO©, tal jogo de cartas Ç
desenvolvido pela Mattel, este jogo pode ser jogado por dois atÇ dez jogadores, o
baralho contÇm inicialmente 60 cartas, sendo elas de quatro cores, vermelho, azul,
verde e amarelo, alÇm das cartas curingas que s∆o brancas, ao invÇs de n£meros, como
no jogo original, neste utilizamos as part°culas elementares para compor as cartas, para
o jogo podem ser utilizados atÇ dois baralhos.";Ensino MÇdio;N;https://drive.google.com/file/d/1nkeZHleEU306eZ-res136l2p0EQ5Oqi2/view?usp=sharing;
ALINE FERNAMDES;13;UMA PROPOSTA PARA O ENSINO DE CINEMATICA;MecÉnica;Cinem†tica;Proposta do auto;Interativo;Jogo digital CineFut;computacional;Produtos pedag¢gicos ;jogo ;"Este material instrucional consiste em um conjunto de aulas para ensinar
Cinem†tica de uma forma mais l£dica durante o ensino de F°sica no Ensino MÇdio,
utilizando como principal recurso o CineFut. Est† dividido em seis aulas/temas que se inicia com os conceitos b†sicos da Cinem†tica como a relatividade do movimento e terminam como estudo do movimento uniformemente variado.";Ensino MÇdio;N;https://drive.google.com/file/d/1v6dS_8feh_JlsYx_967k7NVWdqasUwL4/view?usp=sharing;
ODAIANA DE SOUZA FREITAS;27;SEQU“NCIA DIDµTICA PARA O ENSINO DE CONCEITOS DE F÷SICA TêRMICA EM UMA SALA DE AULA GAMIFICADA;TermodinÉmica;F÷SICA TêRMICA;Proposta do auto;Manipulativo;Aplicativo para auxiliar aulas de mecanica;computacional;Produtos pedag¢gicos ;Jogo;"Com o intuito de favorecer o comprometimento dos estudantes ser†
utilizado um recurso denominado gamificaá∆o da sala de aula. As aulas ser∆o
desenvolvidas seguindo a l¢gica de um jogo com muitos participantes. Os
estudantes organizados em grupos3 ser∆o desafiados com atividades e quest‰es
ao longo das aulas. O sucesso nas atividades ser† recompensado com pontos que
ao final da sequància did†tica poder∆o ser convertidos em premiaá‰es.";Ensino MÇdio;N;https://drive.google.com/file/d/19U910lNrl1UddoYjCEE9YWPXrtFO-8qr/view?usp=sharing;
Gustavo da Silva Ferreira;24;O ensino das interaá‰es gravitacional e eletromagnÇtica por meio de um jogo de RPG;Eletromagnetismo;eletromagnÇtica;Proposta do auto;Manipulativo;jogo de RPG;Teorico;Material intrucional;jogo;"Para a aplicaá∆o, s∆o
precisos os seguintes materiais: uma Guia de Regras do Jogo para ser entregue
aos alunos, onde nela est∆o as regras para preenchimento da ficha de
personagem e a forma como deve ser jogado cada livreto; um molde para um
dado de seis lados, sendo opcional o uso de um dado adquirido em lojas; um
livreto chamado Jogando com Alex, para o personagem com super-habilidade
sobre a aceleraá∆o; um livreto denominado Jogando com Ian, para o
personagem com super-habilidade relacionada a elasticidade; um livreto
nomeado Jogando com Vini, para o personagem com super-habilidade sobre o
coeficiente de atrito est†tico; um livreto Intitulado Livro Final, para o encontro dos
tràs personagens citados anteriormente; uma ficha de personagem para os
respectivos livretos; um livreto designado Livro dos Conceitos F°sicos, para
consulta de conceitos f°sicos, relacionados aos personagens, indicados por
alguns itens durante a leitura do material.";Ensino MÇdio;N;https://drive.google.com/file/d/1m6g1R6pBapP4UKe32jeTWlpTTS7k2KZv/view?usp=sharing;
AURILENE ALVES DA SILVA;26;BARALHO DA TERMOLOGIA: o uso do l£dico no processo de ensino e aprendizagem dos conceitos f°sicos sobre termologia no Ensino MÇdio;Termologia;Termodinamica;Proposta do auto;Interativo;Jogo de baralho;Teorico;Material intrucional;jogo;"Acreditamos que mesmo se tratando de uma ferramenta simples, o jogo desenvolvido apresenta um bom potencial no que se refere ao processo de ensino-
aprendizagem dos conceitos f°sicos sobre termologia, pois as cartas do baralho
trazem alÇm de definiá‰es, equaá‰es, a contextualizaá∆o desses conte£dos, de
modo a demonstrar a sua aplicaá∆o no cotidiano do aluno, para que o mesmo
consiga compreender fenìmenos f°sicos considerados antes abstratos.";Ensino MÇdio;N;https://drive.google.com/file/d/1jZib_8l46p7O8J85oJHJm8C4dmkAF_yt/view?usp=sharing;
CLAUDETE LOPES DA SILVA DE OLIVEIRA;26;GAMIFICAÄ«O: UMA PROPOSTA CONTEMPOR∂NEA PARA AUXILIAR O ENSINO DA ELETROSTµTICA NO ENSINO MêDIO;Eletricidade;ELETROSTµTICA;Proposta do auto;Interativo;Jogo de tabuleiro;Teorico;Produtos pedag¢gicos ;jogo;"O trabalho foi desenvolvido embasando-se na teoria da aprendizagem de Vygotsky,
Para este o desenvolvimento do ser est† diretamente ligado a um contexto com signos e significados que ir∆o se complementando num contexto social, essa vis∆o de ensino e aprendizagem pode ser diretamente ligada ao mundo da gamificaá∆o onde ser∆o criadas estratÇgias que entrelaáam para alcanáar um determinado objetivo.";Ensino MÇdio;N;https://drive.google.com/file/d/1Bgi5EhAZrp0-DO5Rqj7ownzD_H5PUUGI/view?usp=sharing;
FRANCISCO DAS CHAGAS OLIVEIRA;26;F÷SICA MEDIEVAL: UMA PROPOSTA DE JOGO DIGITAL PARA ENSINAR QUEDA LIVRE;MecÉnica;QUEDA LIVRE;Proposta do auto;Manipulativo;Jogo Digital ;computacional;Material intrucional;jogo;"O roteiro Ç uma proposta, podendo ser alterado conforme a necessidade
da instituiá∆o onde estiver sendo aplicado. Havendo interesse em saber como
ocorreu a construá∆o do jogo,";Ensino MÇdio;N;https://drive.google.com/file/d/1CmtklEvm7LXahwBu8sAMHXej8hZJwQ5l/view?usp=sharing;
JANIEL SêRGIO DE SOUSA GUEDES;26;A F÷SICA FORENSE E O PROCESSO ENSINO E APRENDIZAGEM DE MEC∂NICA NO ENSINO MêDIO UTILIZANDO O JOGO EDUCACIONAL  ?TRILHA DO CRIME? COMO RECURSO DIDµTICO;MecÉnica;;Proposta do auto;Interativo;jogo ?TRILHA DO CRIME?;Teorico;Material intrucional;jogo;"ê tarefa de um f°sico forense, tambÇm: a determinaá∆o de trajet¢ria de projÇteis e
distÉncia em que foi efetuado um disparo com arma de fogo, estimar o tempo de morte de
uma v°tima baseado em sua temperatura corporal, bem como a materializaá∆o das posiá‰es da
v°tima atravÇs da an†lise de manchas de sangue em locais de crime.";Ensino MÇdio;N;https://drive.google.com/file/d/1jTFPyCsa1w4Z9MmIoNOrE3CL2S-b4DUs/view?usp=sharing;
PEDRO DA SILVA SANTOS;26;SEQU“NCIA DIDµTICA COM ATIVIDADES TE‡RICO-PRµTICAS SOBRE O CONCEITO DE ENERGIA MEC∂NICA, MEDIADA PELO JOGO DE TABULEIRO ORIENTADO;MecÉnica;"energia
mecÉnica,";Proposta do auto;Manipulativo;Jogo de tabuleiro;Experimental;Produtos pedag¢gicos ;Jogo;"Desenvolver aulas de F°sica em uma turma de ensino mÇdio sobre energia
mecÉnica, utilizando-se do jogo de tabuleiro orientado, produzido manualmente
(diferente de ferramentas de ensino baseadas no modelo da racionalidade tÇcnica),
como possibilidade de possibilitar aos alunos Ö aprendizagem desse conceito.";Ensino MÇdio;N;https://drive.google.com/file/d/1HstB493XWTyOoTYXyz1nXKleJpAmUO1q/view?usp=sharing;
LIVIA COSTA OLIVEIRA SOUSA;26;SOB ALTA PRESS«O: Um jogo did†tico para o Ensino e aprendizagem da Hidrost†tica;Mecanica;JOGO LUDO,;Proposta do auto;Manipulativo;Jogo de tabuleiro;Teorico;Material intrucional;jogo;"Esse produto educacional foi baseado no jogo de tabuleiro ludo, um jogo de origem
chinesa que Ç jogo de estratÇgia. Para se tornar um jogo educacional foram feitas algumas
modificaá‰es em suas regras e deixando-o de forma original apenas o formato do tabuleiro o
andar da peáas. Suas cartas foram elaboradas com o tema da hidrost†tica";Ensino MÇdio;N;https://drive.google.com/file/d/1xtj4S6ukvtu7X0scOCYcAIHHyrPQIT0N/view?usp=sharing;
MARCOS FABR÷CIO CAMPOS TAVARES;29;SEQU“NCIA DIDµTICA UTILIZANDO ROB‡TICA EDUCACIONAL E GAMIFICAÄ«O EMPREGANDO O KIT EV3 LEGO;mecanica;robotica;Consolidado ;Proposta do auto;lego;Manipulativo;Material intrucional;jogo;"A proposta de Gamificar as aulas, veio das observaá‰es feitas em laborat¢rio,
onde se percebia as aulas de Rob¢tica como uma maneira l£dica, divertida de
trabalhar certo conte£do da F°sica com o uso dos Robìs, tornando-se uma boa
oportunidade de aprendizado por parte dos alunos.";Ensino MÇdio;N;https://drive.google.com/file/d/1vf46bFuetX9SYuS1rRkETiYgJF8DtFDc/view?usp=sharing;
Pedro Fontes;47;"UM GAME ESTRATêGICO PARA
AVALIAÄ«O DA APRENDIZAGEM

EM DIN∂MICA";MecÉnica;DIN∂MICA;Proposta do auto;Manipulativo;Game Zeeman jogo digital;computacional;Produtos pedag¢gicos ;jogo;"O diferencial desse game, em relaá∆o aos encontrados na literatura atual, Ç que o
mesmo consiste em contextualizar os conceitos e leis da F°sica dentro de um ambiente virtual imersivo, em que o educando possa aplicar conhecimentos de MecÉnica, orientado ao objetivo de resolver problemas que simulem situaá‰es reais envolvendo movimento, posiá∆o, velocidade, aceleraá∆o de corpos, foráa, quantidade de movimento, impulso, colis‰es e energia, proporcionando ao jogador uma experiància desafiante na qual os obst†culos devem ser transpassados com o seu conhecimento adquirido em sala de aula.";ensino medio;N;https://drive.google.com/file/d/1ZL2DCHX19Od3vA1818uyxOy9JHNN2zSB/view?usp=sharing;
Gustavo Bordignon Franz;1;O ENSINO DE ‡PTICA GEOMêTRICA APOIADO POR MOBILE GAMES;‡ptica;¢ptica geomÇtrica;Proposta do auto;Manipulativo;Tipo puzzle2;computacional;Produtos pedag¢gicos ;jogo;"Um dos objetivos espec°ficos que tentou-se alcanáar com esse produto
foi verificar a possibilidade de uso de games comerciais, n∆o concebidos com
fins educacionais, no ensino de f°sica. Para aumentar a possibilidade de
replicaá∆o e uso do produto, um game para plataformas m¢veis foi selecionado,

devido ao grande uso de smartphones por jovens no Brasil. Com isso, assegura-
se uma probabilidade maior de uso do produto educacional sem a necessidade

de alteraá‰es que possam comprometer sua efic†cia. O game escolhido chama-
se ?Glass? e foi desenvolvido por cube3rd1 para a plataforma Android. ê um jogo

do tipo puzzle2

, em que o jogador tem que desviar a trajet¢ria de raios de luz
provenientes de uma fonte utilizando refletores planos, lentes convergentes e
divergentes, primas e divisores de raios atÇ um receptor. O jogo possui oitenta e
um n°veis espalhados em nove mundos diferentes, em que cada mundo possui
um fenìmeno ou instrumento ¢ptico diferente do anterior. O uso do game Glass
mostrou-se adequado para as situaá‰es de ensino-aprendizagem da UEPS.";Ensino MÇdio;N;https://drive.google.com/file/d/1s3tU3xgd0SYBPI_IBPocgg9VBAOUBAZH/view?usp=sharing;
ODAIANA DE SOUZA FREITAS;27;SEQU“NCIA DIDµTICA PARA O ENSINO DE CONCEITOS DE F÷SICA TêRMICA EM UMA SALA DE AULA GAMIFICADA;TermodinÉmica;F÷SICA TêRMICA;Proposta do auto;Manipulativo;jogo de tabuleiro;computacional;Produtos pedag¢gicos ;Sequància Did†tica;"Com o intuito de favorecer o comprometimento dos estudantes ser†
utilizado um recurso denominado gamificaá∆o da sala de aula. As aulas ser∆o
desenvolvidas seguindo a l¢gica de um jogo com muitos participantes. Os
estudantes organizados em grupos3 ser∆o desafiados com atividades e quest‰es
ao longo das aulas. O sucesso nas atividades ser† recompensado com pontos que
ao final da sequància did†tica poder∆o ser convertidos em premiaá‰es.";Ensino MÇdio;N;https://drive.google.com/file/d/19U910lNrl1UddoYjCEE9YWPXrtFO-8qr/view?usp=sharing;
Camila Nart Gonáalves;41;"JOGOS DE COMPETIÄ«O COMO CENµRIO APRENDIZAGEM

COOPERATIVA NO ENSINO DE F÷SICA";Eletromagnetismo;Eletricidade;Proposta do auto;Interativo;JOGOS DE COMPETIÄ«O;Teorico;Material intrucional;sequància did†tica;"O presente material de apoio ao professor consiste em uma dinÉmica onde a
competiá∆o Ç utilizada como cen†rio para desenvolver habilidades/elementos
caracter°sticos da metodologia da aprendizagem cooperativa. Aqui, temos uma
proposta de competiá∆o onde a sala Ç dividida em equipes que confeccionar∆o
geradores de energia elÇtrica. Essas equipes disputar∆o o pràmio de melhor gerador
elÇtrico confeccionado e apresentado.";ensino medio;N;https://drive.google.com/file/d/1TBbho0yT_mqssm4otbBe49uC5cLqwsab/view?usp=sharing;
;51;"Conhecendo as part°culas subatìmicas atravÇs de
um jogo educacional: viajando ao invis°vel.";FMC;;Proposta do auto;Interativo;jogo de tabuleiro;Teorico;Material intrucional;jogo;"Tabuleiro inspirado em uma viagem Inter gal†xia em uma nave espacial
?Space? a procura de part°culas e foráas elementares. A ideia foi constru°-lo bem
colorido e interativo";ensino mÇdio;N;https://drive.google.com/file/d/1c08sFxqWnkfVGHOPmN0f_LsHDeuYID_U/view?usp=sharing;
VITOR HUDSON BRIEO;52;UMA PROPOSTA DE SEQUENCIA DIDATICA PARA O ENSINO DO MOVIMENTO CIRCULAR UNIFORME EXPLORANDO JOGO DE ENTRRETERIMENTO;mecanica;formula 1;Consolidado;Manipulativo;Jogo de formula 1;computacional;Material intrucional;jogo;"Ser† apresentada uma sequància did†tica de 6 aulas. A apresentaá∆o da
sequància foi feita em seá‰es onde s∆o apresentados os planos de aula, com objetivo,
metodologia, recursos did†ticos necess†rios e um quadro com os tempos estimados
para cada atividade da aula.";ensino mÇdio;N;https://drive.google.com/file/d/1GhtmNBa_NLL_YyfF-FqYsLz42qO3vrkk/view?usp=sharing;2018
RENATTO BARBOSA DE SOUZA;60;"INTERAÄ«O DAS RADIAÄÂES ELETROMAGNêTICAS COM A

MATêRIA

CONCEITOS DE F÷SICA MODERNA PROPELIDOS
POR JOGOS PEDAG‡GICOS EM UM PANO DE FUNDO CLµSSICO";fisica geral;radiaá‰es eletromagnÇticas com a matÇria,;Proposta do auto;Manipulativo;3 jogos;Experimental;Material intrucional;jogo;"As 14 aulas (de 50 min cada) necess†rias ao cumprimento das atividades foram
estruturadas em um sequància que estivesse em consonÉncia com os parÉmetros balizados por
Moreira (2011) para o que ele chama de Unidade de Ensino Potencialmente Significativa
(UEPS), tornando, Ö princ°pio, um material potencialmente significativo, uma das condiá‰es colocadas por Ausubel para que haja aprendizagem significativa (MOREIRA, 2009). A relaá∆o entre as aulas e os 8 passos que caracterizam uma UEPS Ç exposta na tabela abaixo.";ensino mÇdio;N;https://drive.google.com/file/d/1Zoovl-rlPrht5uv1ItvlsTbPAMqgLIdw/view?usp=sharing;
YARA DINIZ;5;quis fisica fantastica;F°sica Geral;;Proposta do auto;Manipulativo;Aplicativo ?Quiz F°sica Fant†stica?;Computacional ;Material intrucional;Aplicativo de celular;"O ?Quiz F°sica Fant†stica? foi desenvolvido para Tablets e Smartphones, que utilizam a vers∆o igual ou superior a 4.1 da plataforma Android, objetivando realizar a
 contextualizaá∆o da F°sica ao cotidiano dos alunos, tornando o processo de ensino- aprendizagem de F°sica divertido e prazeroso, atravÇs do uso de tecnologias populares e bastante acess°veis, os Smartphones e Tablets. Trata-se de um jogo digital em formato de
Quiz, no qual inseriu-se um banco de quest‰es que abordam os conceitos f°sicos de algumas †reas da F°sica.";Ensino MÇdio;N∆o;https://drive.google.com/file/d/1XGNDMavd9Sds1W9_1GpeYfcW3ALaHMU5/view?usp=sharing;
Emanuel Freitas de Almeida;10;"USO DE NOVAS TECNOLOGIAS NO ESTUDO DOS MOVIMENTOS NO

ENSINO MêDIO: entendendo a cinem†tica";MecÉnica;Cinem†tica;Proposta do auto;Interativo;Aplicativo RUNTASTIC;Computacional ;Material intrucional;Aplicativo de celular;Este material pretende abordar ideias e conceitos por meio de atividades pr†ticas, relacionadas ao Estudo dos Movimentos, de forma que os discentes interajam e vivenciem experiàncias que possibilitem a compreens∆o dos assuntos da Cinem†tica aplicados ao cotidiano.;Ensino MÇdio;N∆o;https://drive.google.com/file/d/1P18TdjHtqTzKYv9lRv6JrOIHkDWpk7qy/view?usp=sharing;
;44;O Produto Educacional;F°sica Geral;Astronomia;Proposta do auto;Interativo;Aplicativo LIMC;computacional;Material intrucional;Aplicativo de celular;"Esse cap°tulo apresenta as etapas de elaboraá∆o e aplicaá∆o das aulas
sequenciadas com os respectivos coment†rios. Est∆o contidos, respectivamente, a
vis∆o geral, os Materiais e equipamentos, Recursos Pedag¢gicos †udio visuais, O
aplicativo Educacional e o Relato de Aplicaá∆o das TC. O primeiro t¢pico faz um
panorama do Émbito escolar onde o autor Ç professor regente e aplicou as etapas do
produto.";Ensino MÇdio;N∆o;https://drive.google.com/file/d/1srSqQxS-D0EYXP-oufTWbg8ipI867MUm/view?usp=sharing;
RAFAEL TEIXEIRA;43;COMO PRODUZIR VIDEO-AULAS EM LIBRSA ATRAVES DE APLICATIVO DE TRADUÄ«O SIMULTANEA;Ferramenta Geral de Ensino;;Consolidado;Manipulativo;Aplicativo para auxiliar aulas de libras;computacional;Produtos pedag¢gicos ;Aplicativo de celular;"Com a finalidade de sintetizar um material para que os professores
possam criar suas pr¢prias v°deo-aulas em LIBRAS que auxiliem os docentes
que tenham alunos com deficiància auditiva, tem-se a seguir um manual de
produá∆o das mesmas. As v°deo-aulas produzidas neste produto educacional
foram produzidas de maneira a terem o menor custo poss°vel, para que n∆o
ficasse uma ideia de que para esta empreitada Ç necess†rio muito dinheiro.
Assim os aplicativos utilizados ser∆o os dispon°veis na rede de forma gratuita.";Ensino MÇdio;s;https://drive.google.com/file/d/1EUoB-R7JCKGRvZAcRNMm71jsPh70Jn4f/view?usp=sharing;
NATHAN RABELO MARTINS;14;"UM APLICATIVO EM PYTHON PARA EXPERIMENTOS DE F÷SICA

AUTOMATIZADOS COM ARDUINO";Fisica geral;Mecanica e FMC;Proposta do auto;Interativo;Software de f†cil interaá∆o, utilizando a linguagem Python,;Experimental;Produtos pedag¢gicos ;Aplicativo de celular;"Este programa, desenvolvido na linguagem Python, traz uma interface amig†vel
possibilitando que os experimentos com Arduino, ap¢s sua montagem, sejam
realizados apenas com alguns cliques e a inserá∆o de alguns valores. Como
mencionado, utilizamos para a criaá∆o do programa a linguagem Python e fizemos a
conversaá∆o necess†ria entre ela e a plataforma do Arduino, baseada em C/C++, por
meio do protocolo firmata. Englobamos inicialmente no programa tràs experimentos
distintos afim de abranger um grande n£mero de †reas da F°sica.";Ensino MÇdio;N∆o;https://drive.google.com/file/d/1UTUV0zLDQYYb4R9B8LuA_7MCvHe7isZ7/view?usp=sharing;
;56;"Desenvolvimento e aplicaá∆o de experimento de

transformaá∆o gasosa utilizando app ?termoduino?";Termologia;TermodinÉmica;Proposta do auto;Interativo;Aparato experimental;Experimental;Produtos pedag¢gicos ;Aplicativo de celular;"O presente trabalho foi desenvolvido como um mecanismo did†tico com
embasamento na teoria da aprendizagem significativa de Ausubel. Para isso, foi constru°do um aparato experimental de TermodinÉmica, utilizando o smartphone como ferramenta de verificaá∆o de dados coletados da placa de IOT nodeMCU. Os dados foram transmitidos em tempo real, utilizando o celular como acess point para transmitir via WIFI, conectado em rede com os celulares ou tablets dos alunos.";Ensino MÇdio;N∆o;https://drive.google.com/file/d/1-cST0xztKaQfzn23MGEhwl8u5iuy6R3n/view?usp=sharing;
Edgar Duarte da Silva;61;MESTRE NUCLEAR;Fisica moderna e contemporanea;fisica nuclear;Proposta do auto;Manipulativo;Jogo tabuleiro;Teorico;Material intrucional;jogo;Breve referencial terorico, apresentaá∆o do jogo suas regras;ensino mÇdio;N;https://drive.google.com/file/d/1YfZfu5l-FeGDoDKmedmdy07e3JEv-P9e/view?usp=sharing;
Jefferson_Rodrigues_de_Oliveira;1;jogos digitais uma abordagem de fisica de particulas elementares no ensino medio;FMC;fisica de particulas;Proposta do auto;Manipulativo;Scratch;Te¢rico;Material intrucional;Jogos Digitais;Vivemos em um mundo onde Ç not¢rio a magnitude de alcance das tecnologias digitais. Os jovens de hoje, conhecidos como ?nativos digitais?, possuem um comportamento completamente diferente dos jovens que nasceram a partir da metade do sÇculo passado, conhecidos como ?imigrantes digitais?. Educar uma nova geraá∆o por meio de mÇtodos antigos utilizando ferramentas que se tornaram arcaicas, s∆o ineficientes. Acrescentar divers∆o ao processo n∆o apenas far† que a aprendizagem se tornem muito mais agrad†veis e envolventes, mas tambÇm os tornar† muito mais eficazes ;Ensino MÇdio;N∆o;https://drive.google.com/file/d/12998aDGjddkrJiUh4YnC0-6FQ0pKTCBn/view?usp=sharing;
RAFAEL TERESO DE JESUS;1;Proposta de UEPS para ensinar fisica das particuas atraves de jogo de cartas;FMC;fisica das particulas;Proposta do auto;Interativo;Jogo de cartas;Experimental;Material intrucional;Jogos Digitais;ˇjogoˇ de Higgs. ;Ensino MÇdio;N∆o;https://drive.google.com/file/d/1aEEw0gJhvoxKCFyX6KHo5BSQUCyQEjMg/view?usp=sharing;
FarnÇsio Vieira da Silva Diniz;9;"Guia para aplicaá∆o do jogo Em busca do Pràmio Nobel

como recurso did†tico-pedag¢gico";Fisica geral;FMC e Atomismo;Proposta do auto;Manipulativo;Jogo Em busca do Pràmio Nobel;Te¢rico;Material intrucional;Jogos ;O jogo n∆o segue uma linha espec°fica de referenciais te¢ricos da aprendizagem. Trata-se de uma ferramenta did†tico-pedag¢gica que pode ser utilizada com diversos referenciais, tais como a aprendizagem significativa de Ausubel, o construtivismo e a teoria interacionista-social demVygotsky.;Ensino MÇdio;N∆o;https://drive.google.com/file/d/1kvWG3GtDA8iZNaPfzwgefqPI1u1HnsEu/view?usp=sharing;
Adriana Queiroz Agostinelli Ribeiro;17;"DESVENDANDO AS

ESTRELAS";Astronomia;Introdut orios e de bastante relevancia para a compreensao da f ’sica nas estrelas;Proposta do auto;Manipulativo;Jogo de tabuleiro;Te¢rico;Material intrucional;Jogo;O produto educacional e uma sequ  ? encia did ? atica utilizando metodologias ativas e estrategias  ?de jogo. Foram estabelecidas tres din ? amicas para tratar sobre temas introdut ? orios e de bastante  ?relevancia para a compreens ? ao da f  ?  ?’sica nas estrelas e uma dinamica final para observac ao virtual e classificac ?ao das mesmas no chamado Diagrama Hertzsprung-Russell (HR), extrema-mente importante para o estudo estelar. Desta forma, todas as etapas tem relac ?ao (direta ou  ?indireta) com o diagrama HR, construindo bloco a bloco os conceitos necessarios para seu entendimento.;Ensino MÇdio;N∆o;https://drive.google.com/file/d/1JuWMoLs0MePDvHWbt0zU0VRQmogTyo2T/view?usp=sharing;
Deborah dos Santos Franco;24;"A INFLU“NCIA DA LINGUAGEM NA APRENDIZAGEM DE CONCEITOS
F÷SICOS: A CONTRIBUIÄ«O DO JOGO DE TABULEIRO ?PHYSICOOL?";Ferramenta geral de ensino;;Proposta do auto;Interativo;Jogo de tabuleiro;Te¢rico;Material intrucional;jogo;"Apresentamos aqui uma metodologia que possui a finalidade de auxiliar de forma
efetiva no ensino e aprendizado de conceitos importantes na disciplina de F°sica. Trata-se de um jogo de tabuleiro que visa trabalhar a F°sica como uma brincadeira, esperando-se uma maior participaá∆o e engajamento dos alunos.";Ensino MÇdio;N∆o;https://drive.google.com/file/d/1AkRx8KLvGyM5iU9m3MRty5NS0grW_3Qd/view?usp=sharing;
êrico Paganini;33;A MµQUINA;Fisica geral;;Proposta do auto;Interativo;Jogo de tabuleiro;Te¢rico;Material intrucional;jogo;"Este jogo Ç baseado em pontuaá∆o, uma dessas Ç o dinheiro
que se consegue jogando e os pontos de mÇrito que se
ganha por superar os desafios. Neste jogo, ganha quem
conseguir terminar a hist¢ria.";Ensino MÇdio;N∆o;https://drive.google.com/file/d/1fvozDvxcf4H9VsZm--G8iGaZCSeCCmul/view?usp=sharing;2017
;36;SISTEMA DE RPG PARA UTILIZAÄ«O EM SALA DE AULA;F°sica Geral;;Consolidado;Manipulativo;Jogo de RPG;Te¢rico;Material intrucional;jogo;"O livro que vocà tem em m∆os trata-se de um guia para a utilizaá∆o da F°sica,
seja ela de forma conceitual ou hist¢rica, na forma de um RPG em sala de aula. Neste
livro, vocà encontrar† um sistema de jogo simples e completo para suas aventuras de
RPG.";Ensino MÇdio;N∆o;https://drive.google.com/file/d/1GpWbBqKku9dhWxzw9XM_3sGuQL_O21jF/view?usp=sharing;
HELBEN ALBUQUERQUE ALVES;37;"CASSINO DA F÷SICA: Material Complementar, L£dico e Potencialmente
Significativo para o Ensino de Ciàncias no 6o Ano do N°vel Fundamental.";Fisica geral;Astronomia e Eletricidade;Proposta do auto;Interativo;Domin¢, Baralho e Roleta,;Te¢rico;Material intrucional;jogo;"O Produto Educacional aqui definido Ç um conjunto de jogos did†ticos
muito comum no cotidiano de v†rias pessoas, tais como Domin¢, Baralho e
Roleta, envolvendo conhecimentos de Astronomia e Eletricidade para o Ensino
de F°sica no 6o ano do N°vel Fundamental. Ao todo s∆o seis jogos, dois jogos
de domin¢s, dois jogos de cartas de baralhos e dois jogos de roletas, de modo
que os pares de cada tipo de jogo ser† abordado separadamente em t¢picos
de Astronomia e de Eletricidade.";6 Ano do N°vel Fundamental;N∆o;https://drive.google.com/file/d/1-PapFh6XCXw7lmnDwF3AH9XMhkXfAN9k/view?usp=sharing;
Diàgo Marques Aguiar;47;‡ptica GeomÇtrica 1;‡ptica;‡ptica GeomÇtrica;Proposta do auto;Manipulativo;jogo de PC;computacional;Material intrucional;jogo;"Pensando nisso, elaboramos um manual que traz consigo todos passos do jogo, construá∆o, e
imagens com seus respectivos c¢digos, onde est∆o inseridas as perguntas e respostas. O intuito
Ç colocar em pr†tica, o passo a passo do jogo, para melhorar a interaá∆o dos alunos, melhorar
racioc°nio logico, e acrescentar mais conhecimento sobre o conte£do abordado.";Ensino MÇdio;N∆o;https://drive.google.com/file/d/1g2PzlQsCCLTatFQXViDWQAz8amcXaw_G/view?usp=sharing;
Maxmyller Rezende Costa;49;JOGO DE TABULEIRO MUSIWAVE;Ondas;Ondulat¢ria;Proposta do auto;Manipulativo;JOGO DE TABULEIRO MUSIWAVE;Te¢rico;Material intrucional;Jogo;"AlÇm disso, essa proposta pode instigar a curiosidade cient°fica por meio
de problematizaá‰es que mostram aplicabilidade nos conhecimentos cient°ficos
aproximando os estudantes do conhecimento mais formal, o que propicia um
potencial àxito ao lecionar Ondulat¢ria, Ac£stica ou Movimento Harmìnico
Simples de acordo com a(s) necessidade(s) da(s) turma(s), trazendo o ensino
de f°sica para uma vis∆o mais pr†tica e cotidiana da m£sica, por ser um
assunto muito comum e de interesse dos estudantes em suas vivàncias sociais
ou particulares.";Ensino MÇdio;N∆o;https://drive.google.com/file/d/1gTW_zy8ktuRMJBL7Q8dbqoQWW5rWUo_M/view?usp=sharing;
Allan Kardec de Paiva;49;"DOMIN‡ DIDµTICO DE F÷SICA: Uma estratÇgia para o estudo de

conceitos de F°sica no Ensino MÇdio";Mecanica;hidrostatica;Proposta do auto;Interativo;DOMIN‡;Te¢rico;Material intrucional;Jogo;"Os fenìmenos observados na Hidrost†tica s∆o regidos por leis que
est∆o o tempo todo em nosso cotidiano muito mais do que podemos pensar. Alguns deles podem atÇ passar despercebido, mas, com a gama de acontecimentos, a nossa volta, fica praticamente imposs°vel n∆o ver, a †gua que jorra de uma torneira em nossa pia, o mergulho em rios piscinas e praias, a chuva que cai, um copo d?agua sobre a mesa , ou atÇ mesmo uma crianáa brincando com um bal∆o.";Ensino MÇdio;N∆o;https://drive.google.com/file/d/1foa96-I5yanF7hADkOMJE67zFDxzLVi1/view?usp=sharing;
GEOGENES MELO DE LIMA;49;"TRE EINSTEIN

APLICATIVO DE JOGOS DE APRENDIZAGEM PARA

O ENSINO DE F÷SICA";Astronomia;Relatividade Especial.;Proposta do auto;Manipulativo;Jogo digital TRE Einstein;Computacional;Produtos pedag¢gicos ;Jogo;"A proposta de criaá∆o do TRE Einstein Ç oposta a essa forma de se
apresentar a F°sica, em especial, a relatividade de Einstein que Ç a tem†tica
contida do aplicativo.
O TRE Einstein foi desenvolvido para auxiliar e potencializar o ensino da
Teoria da Relatividade Especial de Einstein de uma forma l£dica e dinÉmica,
dando ànfase Ö uma abordagem focada muito mais no entendimento e reflex∆o
dos conceitos, que em problemas matem†ticos.
Esse manual se prop‰e a ajudar as pessoas que queiram us†-lo. Esse
produto educacional, seja como dispositivo interativo para uma auta-avaliaá∆o
do tema, seja como uma ferramenta did†tica durante as aulas de F°sica.";Ensino MÇdio;N∆o;https://drive.google.com/file/d/1sozUjNZA1WKPkfIo82DF3QRlKYKkyKID/view?usp=sharing;2016
WillieDouglasPuginZahaila;17;Atividades experimentais virtuais usando o game Portal 2;MecÉnica;;Proposta do auto;Manipulativo;Puzzle maker;Experimental;Material intrucional;Jogo;"A SEA Ç constitu°da por 4 atividades que s∆o subdivididas em momentos. Por sua vez, esses momentos podem conter diferentes objetivos, como por exemplo, uma problematizaá∆o, uma miss∆o, a realizaá∆o de um experimento, entre outros. Os
momentos podem trazer consigo alguns s°mbolos para f†cil entendimento do seu objetivo, a saber:";Ensino MÇdio;N∆o;https://drive.google.com/file/d/1FnvqbmWw-C1Zhcn891A2dtJ7E2tFbq1K/view?usp=sharing;
Maur°cio Dantas;37;"GAMIFICAÄ«O E NO ENSINO DE MEC∂NICA
NEWTONIANA: UMA PROPOSTA DIDµTICA UTILIZANDO O JOGO BUNNY
SHOOTER E O APLICATIVO SOCRATIVE";MecÉnica;MecÉnica Cl†ssica;Proposta do auto;Manipulativo;Bunny Shooter aplicativo digital;computacional;Produtos pedag¢gicos ;jogos;"O corpo principal desenvolvido foi

uma sequància did†tica fundamentada na arquitetura de games, beneficiando-
se da gamificaá∆o estrutural e de conte£do, para trabalhar conceitos de

MecÉnica Cl†ssica atravÇs do game ""Bunny Shooter?, tendo como medidor de
desempenho o aplicativo Socrative.";Ensino MÇdio;N∆o;https://drive.google.com/file/d/19YF1CP0c88ZrGiXC1A4K9wHCkGehA5uU/view?usp=sharing;
Gislaine Soares Machado Herd;27;DESENVOLVIMENTO DE UMA METODOLOGIA DE AVALIAÄ«O CONTINUADA PARA O ENSINO DE F÷SICA;MecÉnica;Cinem†tica da part°cula;Proposta do auto;Manipulativo; livro-jogo digital;Computacional;Material intrucional;Livro Jogo;O tema do livro-jogo digital desenvolvido Ç Cinem†tica da part°cula. No entanto, a proposta do livro-jogo como um instrumento para avaliaá∆o continuada pode ser desenvolvido com qualquer outro tema tanto para o ensino de F°sica quanto para o ensino de outras disciplinas.;Ensino MÇdio;N∆o;http://www.macae.ufrj.br/ppgef/images/PDFs/dissertacoes/turma_2014/Material-instrucional-Verso-final---Gislaine.pdf;
Danilo Favaretto;17;CONSTRUÄ«O E APLICAÄ«O DE UM JOGO DE TABULEIRO PARA O ENSINO DE F÷SICA;Eletromagnetismo;Eletricidade;Proposta do auto;Manipulativo;Jogo de Tabuleiro;Te¢rico;Material intrucional;jogo;;3ß ano do Ensino MÇdio;N∆o;https://repositorio.ufscar.br/bitstream/handle/ufscar/8844/Favaretto_Danilo_2017_adicional.pdf?sequence=3&isAllowed=y;
ClaytonDantasS†;25;DESENVOLVIMENTO E APLICAÄ«O DE UM SISTEMA DE RPG PARA O ENSINO DE F÷SICA PARA ALUNOS DO ENSINO MêDIO;Ferramenta geral de ensino;;Proposta do auto;Interativo;Jogo de RPG;Te¢rico;Material intrucional;jogo;RPG Ç um jogo de interpretaá∆o de papÇis. Cada jogador ou grupo de jogadores Ç  respons†vel pela interpretaá∆o de um personagem que deve ser criado utilizando regras  espec°ficas. Neste sistema optou-se por utilizar um sistema de pontuaá∆o. Cada jogador  Ç criado a partir de certo n£mero de pontos prÇ-definidos pelo narrador. O objetivo desta  metodologia Ç criar personagens equilibrados que permitam que todos os jogadores  tenham iguais oportunidades de participarem da hist¢ria.;Ensino MÇdio;N∆o;http://propg.ufabc.edu.br/mnpef/documentos/Produtos_2014/Produto_ClaytonDantasS%C3%A1.pdf;
;56;"Desenvolvimento e aplicaá∆o de experimento de

transformaá∆o gasosa utilizando app ?termoduino?";Termologia;TermodinÉmica;Proposta do auto;Manipulativo;Experimentos de termo;Experimental;Produtos pedag¢gicos ;Aplicativo de celular;"O presente trabalho foi desenvolvido como um mecanismo did†tico com
embasamento na teoria da aprendizagem significativa de Ausubel. Para isso, foi constru°do um aparato experimental de TermodinÉmica, utilizando o smartphone como ferramenta de verificaá∆o de dados coletados da placa de IOT nodeMCU. Os dados foram transmitidos em tempo real, utilizando o celular como acess point para transmitir via WIFI, conectado em rede com os celulares ou tablets dos alunos.";Ensino MÇdio;N∆o;https://drive.google.com/file/d/1-cST0xztKaQfzn23MGEhwl8u5iuy6R3n/view?usp=sharing;2015
Jefferson Corràa Brito;37;"ENSINO PELA PESQUISA EM LABORAT‡RIOS

MULTIDISCIPLINARES: A Implementaá∆o do Comità Cient°fico na
Escola P£blica e a Construá∆o de uma ?Smart Home? usando Plataforma

Arduino";Ferramenta Geral de Ensino;;Proposta do auto;Manipulativo;laborat¢rio multidisciplinar;computacional;Produtos pedag¢gicos ;aplicativo;"objetivo aqui Ç apresentar o produto e discorrer de forma sucinta e objetiva sobre as
experiàncias vividas desde a criaá∆o do perfil profissional do professor atÇ o momento da
finalizaá∆o do mestrado e propor para trabalhos futuros que visem contemplar o uso de
laborat¢rios multidisciplinares no ensino de f°sica. Esperamos que ele contribua para uma
aprendizagem contextualizada e moderna de F°sica, integrada com outras disciplinas bem
como com novas tecnologias.";Ensino MÇdio;N∆o;https://drive.google.com/file/d/1dMfzPBfYKU-eOhxBPnkTwP7dDojMKfbT/view?usp=sharing;
AlinoMassaiuquiSato;17;ENSINANDO PRODUÄ«O SUSTENTµVEL DE ENERGIA ELêTRICA POR MEIO DE JOGOS DIDµTICOS EM SALA DE AULA;Eletromagnetismo;Eletricidade;Proposta do auto;Interativo;dois jogos um de tabuleiro tipo trilha e segundo do tipo super trunfo;Experimental;Material intrucional;Jogo;"Este livreto consiste em um roteiro de atividades para se trabalhar com dois jogos um de tabuleiro tipo trilha e segundo do tipo super trunfo
";Ensino MÇdio;N∆o;http://propg.ufabc.edu.br/mnpef/documentos/Produtos_2014/Produto_AlinoMassaiuquiSato.pdf;
Jurandir Alves Cunha;28;ENSINO DA FORÄA MAGNêTICA POR MEIO DE JOGOS DIGITAIS QUE UTILIZAM O KINECT;Eletromagnetismo;Eletricidade;Proposta do auto;Interativo;Serious Game, com o nome de Magnet3D;Computacional;Material intrucional;Jogo;Muitas vezes, o ensino de f°sica Ç posto diante de conte£dos com alto n°vel de abstraá∆o e que n∆o fazem parte do dia a dia dos alunos, provocando assim, baixo rendimento e desmotivaá∆o no aprendizado. A movimentaá∆o de cargas elÇtricas no interior de campos magnÇticos Ç um exemplo do problema citado. Portanto, este trabalho apresenta um Serious Game, com o nome de Magnet3D, cujo objetivo do jogo Ç apresentar conte£do problema de forma tridimensional e com o uso controles via sensor de movimento(Kinect). Com estes recursos foi poss°vel criar uma imers∆o virtual em que os alunos puderam ter uma vivància prÇvia do conte£do, isso reduziu a abstraá∆o e a apatia dos alunos pelo conte£do ao mesmo tempo que se obteve rendimentos satisfat¢rio com relaá∆o ao aprendizad;3ß ano do Ensino MÇdio;N∆o;https://www.unifal-mg.edu.br/mnpef/system/files/imce/defesa%20Jurandir%20Alves%20Cunha.pdf;
LEONARDO OLIVEIRA PENAROTI;17;"ENSINO SOB MEDIDA E INSTRUÄ«O PELOS COLEGAS EM AULAS DE MEC∂NICA E

‡PTICA DO ENSINO MêDIO - APLICAÄ«O DOS MêTODOS";f°sica geral;mecÉnica e ¢tica;Proposta do auto;Interativo;Plickers,;Computacional ;Produtos pedag¢gicos ;Aplicativo de celular;"Para tanto, fizemos uso de um recurso que se encontra na internet de forma
totalmente gratuita chamado Plickers. A utilizaá∆o desta ferramenta foi poss°vel devido Ö
sala de aula possuir um computador ligado Ö Internet e um projetor do tipo Datashow.";primeiro ano Ensino mÇdio;N∆o;https://drive.google.com/file/d/198jGUaKB0WvmMnmDQnKqHDHXcmJkfGAf/view?usp=sharing;
ELMER SENS;5;USANDO APLICATIVOS DE FISICA NO ENSINO MEDIO;mecÉnica; conte£do de mecÉnica;Proposta do auto;Interativo;Oito aplicativos para ensino de mecanica;Computacional ;Produtos pedag¢gicos ;Aplicativo de celular;"Este Guia nasceu da vis∆o do autor sobre a atual situaá∆o
educacional do nosso pa°s, onde todos sabemos de antem∆o que
muito se cobra dos profissionais em educaá∆o, principalmente dos
professores, para que se mantenham alinhados com novos mÇtodos
de ensino. No entanto, geralmente, n∆o se oferece aos mesmos
instrumentos que os levem a alcanáar melhorias significativas no
processo ensino aprendizagem. Ent∆o, para preencher uma lacuna
existente, que Ç a de capacitar nossos educadores que ainda n∆o
est∆o familiarizados com o uso de novas tecnologias (o que
convenhamos, ainda constitui grande parcela dos profissionais em
educaá∆o) Ç que este Guia foi idealizado.";Ensino mÇdio;N∆o;https://drive.google.com/file/d/1v1EY2ofrSQjrm_tpaUA5yR0-UyxfgF8p/view?usp=sharing;
;16;"""DESENVOLVIMENTO DE
UM APLICATIVO DIDµTICO SOBRE FEN‚MENOS ONDULAT‡RIOS:
EXPLORANDO AS METODOLOGIAS H÷BRIDAS NO ENSINO DE F÷SICA""";ondas;fenomenos sobre ondas;Proposta do auto;Interativo;Aplicativo digital;Computacional ;Produtos pedag¢gicos ;Aplicativo de celular;Os dados coletados servir∆o como material para pesquisa que procura entender como se d† o aprendizado acerca dos Fenìmenos Ondulat¢rios utilizando recursos tecnol¢gicos.;Ensino mÇdio;N∆o;https://drive.google.com/file/d/1yQ_XAWD5m6uLH0flkVyaQzK-jdkRB4Eo/view?usp=sharing;
Aline Mariana Stiz;5;"UTILIZAÄ«O DE JOGOS EDUCATIVOS
COMO RECURSO NO PROCESSO DE
ENSINO DE CI“NCIAS ABORDANDO
T‡PICOS DE ASTROF÷SICA";astrono mia;T‡PICOS DE ASTROF÷SICA;Proposta do auto;Interativo;tràs jogos um domino, um jogo de tabuleiro e por fim um jogo da memoria;Te¢rico;Material instrucional;jogo;"AtravÇs de conceitos de astrof°sica (a teoria do Big Bang e a evoluá∆o do universo;
Formaá∆o de estrelas, gal†xias e buracos negros), e de astrobiologia (teorias da origem da
vida; teorias do surgimento da vida na Terra),";Ensino mÇdio;N∆o;https://drive.google.com/file/d/1Q7Z4_6TbMhgrVH3Xbgjw7cqlYvD4iE9H/view?usp=sharing;
Daniel da Silva de µvila;21;EXPLORANDO O LÈDICO NO ENSINO DA F÷SICA;TERmologia;Termodinamica;Proposta do auto;Interativo;Jogo de Cartas;Te¢rico;Material intrucional;jogo;"O jogo consiste em um baralho dividido em quatro grupos
tem†ticos, identificados pelo verso da carta: Cozinha, Esportes, Profiss‰es e
ambiente natural. Cada grupo contÇm 16 cartas que descrevem: quatro
diferentes situaá‰es problema envolvendo o tema do grupo e diferenciadas por
letras de A a D, dois coment†rios conceituais sobre fenomenologias associadas
Ö situaá∆o problema, um coment†rio explicativo vinculando a situaá∆o
problema aos coment†rios conceituais";Ensino mÇdio;N∆o;https://drive.google.com/file/d/1-Ccb1kP7rafj2MoPCYxvHcRPGh5mwUYv/view?usp=sharing;
Lucas Porto Alegre de Almeida Duarte;22;A LEI DE HUBBLE;as trono mia;A LEI DE HUBBLE;Proposta do auto;Manipulativo;Jogo de tabuleiro;Experimental;Produtos pedag¢gicos ;jogo;"O jogo pode ser usado como uma avaliaá∆o diagn¢stica ou como uma avaliaá∆o
formativa. No segundo caso, o jogo inclui uma regra a mais que incentive o pensamento
ativo dos alunos nos temas estudados.";Ensino MÇdio;N∆o;https://drive.google.com/file/d/1NZ171cMnwCQbRwuEFe8BBxnsE3yrP8oQ/view?usp=sharing;
O ?avio Fossa de Almeida;22;O Grande Inventor;fisica geral;astronomia;Proposta do auto;Manipulativo;jogo did ?atico para Windows e OS;Computacional ;Produtos pedag¢gicos ;jogo;"O Grande Inventor  ?e um jogo did ?atico para Windows e OS X com a
finalidade de servir como pr ?e-instru ?c ?ao para os conceitos fundamentais da
Relatividade do Movimento Cl ?assica e pode ser obtido gratuitamente em
http://www.if.ufrj.br/~otavio/game/.";Ensino MÇdio ;N∆o;https://drive.google.com/file/d/181yV2tfMZGTlIaLgy2MPRxNyaK1tCNvn/view?usp=sharing;
;39;"F°sica de part°culas na escola:
um jogo educacional";fisica moderna e contemporanea;F°sica de part°culas;Proposta do auto;Manipulativo;Jogo de tabuleiro;Te¢rico;Material intrucional;jogo;Breve referencial teorico, seguido de construá∆o e montagem do jogo;Ensino MÇdio ;N∆o;https://drive.google.com/file/d/1nJYdelsm_w0RVzmoEFsjV0jTZ6W30qTw/view?usp=sharing;
;44;JOGO;‡tica;‡ptica geomÇtrica;Proposta do auto;Manipulativo;;Te¢rico;Material intrucional;jogo;Construá∆o do jogo pelos alunos, como jogar;Ensino MÇdio ;N∆o;https://drive.google.com/file/d/1hwudMlvhBILS-dvdGUEgDdu8vPZNizy1/view?usp=sharing;
FRANCISCO PETR‚NIO DE OLIVEIRA E SILVA;8;"UTILIZANDO CELULARES COMO FERRAMENTAS NO ENSINO DE
ASTRONOMIA: APLICATIVO STAR CHART COMO PLANETµRIO.";Astronomia;Conte£dos b†sicos;Proposta do auto;Manipulativo;APLICATIVO STAR CHART;Computacional;Material Did†tico;Aplicativo de celular;utilizaá∆o de celular como ferramenta de ensino, APLICATIVO STAR CHART;Ensino mÇdio;n;https://drive.google.com/file/d/0B2iSMD0xYR9FQ3RoRDN6UnFKdkE/view?usp=sharing;
AndrÇ Alex de Jesus Silva;1;APLICATIVOS PARA SMARTFONES FICHA RESUMO SOBRE MAGNETISMO PARA OS ALUNOS DO 3 ANO DO EJA;Eletromagnetismo;Magnetismo;Proposta do auto;Manipulativo;Fisbook- ?Seu manual de f°sica no bolso;Computacional;Material Did†tico;Aplicativo de celular;MÇtodo Keller, que trata de uma adaptaá∆o do ensino aos ritmos individuais de aprendizagem de cada aluno ;Educaá∆o de Jovens e Adultos (EJA);n;https://repositorio.unb.br/bitstream/10482/22700/3/2015_AndreAlexdeJesusSilva.pdf;
;;;;;;;;;;;;;;;
